-- MySQL dump 10.13  Distrib 5.7.33, for Win64 (x86_64)
--
-- Host: localhost    Database: blog
-- ------------------------------------------------------
-- Server version	5.7.33

/*!40101 SET @OLD_CHARACTER_SET_CLIENT=@@CHARACTER_SET_CLIENT */;
/*!40101 SET @OLD_CHARACTER_SET_RESULTS=@@CHARACTER_SET_RESULTS */;
/*!40101 SET @OLD_COLLATION_CONNECTION=@@COLLATION_CONNECTION */;
/*!40101 SET NAMES utf8 */;
/*!40103 SET @OLD_TIME_ZONE=@@TIME_ZONE */;
/*!40103 SET TIME_ZONE='+00:00' */;
/*!40014 SET @OLD_UNIQUE_CHECKS=@@UNIQUE_CHECKS, UNIQUE_CHECKS=0 */;
/*!40014 SET @OLD_FOREIGN_KEY_CHECKS=@@FOREIGN_KEY_CHECKS, FOREIGN_KEY_CHECKS=0 */;
/*!40101 SET @OLD_SQL_MODE=@@SQL_MODE, SQL_MODE='NO_AUTO_VALUE_ON_ZERO' */;
/*!40111 SET @OLD_SQL_NOTES=@@SQL_NOTES, SQL_NOTES=0 */;

--
-- Table structure for table `categorias`
--

DROP TABLE IF EXISTS `categorias`;
/*!40101 SET @saved_cs_client     = @@character_set_client */;
/*!40101 SET character_set_client = utf8 */;
CREATE TABLE `categorias` (
  `id` int(255) NOT NULL AUTO_INCREMENT,
  `nombre` varchar(255) NOT NULL,
  PRIMARY KEY (`id`)
) ENGINE=InnoDB AUTO_INCREMENT=6 DEFAULT CHARSET=latin1;
/*!40101 SET character_set_client = @saved_cs_client */;

--
-- Dumping data for table `categorias`
--

LOCK TABLES `categorias` WRITE;
/*!40000 ALTER TABLE `categorias` DISABLE KEYS */;
INSERT INTO `categorias` VALUES (1,'Acción'),(2,'Rol'),(3,'Deportes'),(4,'Novedades'),(5,'MMORPG');
/*!40000 ALTER TABLE `categorias` ENABLE KEYS */;
UNLOCK TABLES;


--
-- Table structure for table `usuarios`
--

DROP TABLE IF EXISTS `usuarios`;
/*!40101 SET @saved_cs_client     = @@character_set_client */;
/*!40101 SET character_set_client = utf8 */;
CREATE TABLE `usuarios` (
  `id` int(255) NOT NULL AUTO_INCREMENT,
  `nombre` varchar(100) NOT NULL,
  `apellidos` varchar(100) NOT NULL,
  `email` varchar(255) NOT NULL,
  `password` varchar(255) NOT NULL,
  `fecha` datetime NOT NULL DEFAULT CURRENT_TIMESTAMP,
  PRIMARY KEY (`id`),
  UNIQUE KEY `u_email` (`email`)
) ENGINE=InnoDB AUTO_INCREMENT=102 DEFAULT CHARSET=latin1;
/*!40101 SET character_set_client = @saved_cs_client */;

--
-- Dumping data for table `usuarios`
--

LOCK TABLES `usuarios` WRITE;
/*!40000 ALTER TABLE `usuarios` DISABLE KEYS */;
INSERT INTO `usuarios` VALUES (1,'Olga','Delacruz','lacus.Aliquam@liberoduinec.co.uk','CWE93XTT7ZO','1995-07-09 03:28:22'),(2,'Melyssa','Wilson','elit@eueuismodac.edu','HDZ48YWN9JT','1993-09-15 18:17:21'),(3,'Melvin','Curtis','neque.venenatis.lacus@loremfringillaornare.co.uk','SBL67MQW9QN','1991-10-30 16:17:40'),(4,'Kiayada','Sanford','metus.vitae@utaliquam.com','JGS77BML6HF','2018-10-27 16:33:29'),(5,'Quynn','Nichols','nulla.In@arcuimperdiet.org','GLP48DJG2QK','1996-12-06 15:41:44'),(6,'Margaret','Butler','sem@Curabitursed.co.uk','XBP74CYC1PY','2000-01-11 22:32:03'),(7,'Kristen','Battle','lobortis.quam.a@velit.net','TXP81EDT6DW','2021-08-27 17:31:16'),(8,'Geoffrey','Patel','sem.egestas.blandit@Vestibulumante.com','TFP61AQA6JS','1996-08-07 07:08:28'),(9,'Amy','Bauer','rutrum.justo@magnaCrasconvallis.co.uk','MHV09BBH1OE','2001-12-24 02:48:21'),(10,'Barry','Mills','placerat@anteVivamusnon.ca','WVI35OKD9MW','2018-03-16 12:48:40'),(11,'Lyle','Morse','Suspendisse.aliquet@vel.edu','XBU36DSJ3RR','2015-12-14 14:19:23'),(12,'Karina','Berry','sem@dignissim.org','RCZ49GSH2UZ','2013-09-11 04:23:51'),(13,'Silas','Arnold','convallis.in@elementum.org','JUG80OOM3FJ','2005-04-11 03:32:03'),(14,'Hu','Mathews','amet@ac.org','TTD53GYS5VM','2011-11-16 01:41:14'),(15,'Bevis','Garner','aliquam.iaculis.lacus@accumsan.com','MQG69WOI3IK','2008-07-02 08:38:49'),(16,'Ramona','Hanson','leo.in@egetlacus.edu','IME25IMA3LQ','2015-04-06 21:54:25'),(17,'Dean','Wells','arcu.imperdiet.ullamcorper@imperdietdictummagna.edu','EKO50SBC1GY','2014-03-12 22:35:09'),(18,'Branden','Chapman','justo@nisimagnased.co.uk','OJX98WFG4EW','2009-04-07 05:40:23'),(19,'Danielle','Hampton','malesuada@liberoMorbiaccumsan.org','ELT50EQX4QT','1994-07-15 04:59:22'),(20,'Keefe','Puckett','sapien@per.ca','BKI98XGX2SQ','2005-01-12 14:24:51'),(21,'Morgan','Bonner','et@amagnaLorem.com','JMG22OXF0HE','2012-06-24 21:05:49'),(22,'Keith','Mccormick','sit.amet@vitaesemperegestas.com','MZL96WZD1GJ','2007-08-30 05:56:02'),(23,'Arden','Hood','eget.ipsum@estacmattis.com','YJU57MYY9OW','1996-10-03 13:57:36'),(24,'Raja','Schultz','tempor.est@facilisisnonbibendum.org','FVO65KXI9PI','1999-06-07 09:04:53'),(25,'Norman','Mcintosh','est.vitae.sodales@orci.net','HOD98GFS4QL','1995-08-24 14:57:11'),(26,'Kendall','Tate','Donec@Aenean.net','SBO41PGX8RP','2009-04-14 20:26:31'),(27,'Ryder','Moran','penatibus.et.magnis@volutpatornarefacilisis.ca','YSN93PXE7QX','1991-03-13 06:16:56'),(28,'Sara','Neal','quam.vel@nec.org','PUP99QZG3WF','1999-05-12 06:43:12'),(29,'Alea','Willis','Morbi@maurisut.co.uk','GMO52PGR7XS','2012-08-09 20:36:56'),(30,'Stuart','Jensen','nisi.Aenean.eget@Curae.com','VOT74ZZQ9EO','2014-09-09 05:00:28'),(31,'Malachi','Lang','Mauris@Integerid.com','FTB21BHU2DA','1995-10-12 06:39:20'),(32,'Mary','Gamble','eget@perconubianostra.edu','HPZ27RST0MO','2012-01-01 21:12:30'),(33,'Colby','Dunn','purus@Donec.org','VAG60TIP9VM','2006-05-03 03:33:10'),(34,'Ulysses','Dyer','dignissim.Maecenas@dictumeleifend.com','BGV21LFM1SN','1997-03-29 20:34:15'),(35,'Aretha','Rivers','consequat@malesuadafames.org','DNH71LBB6RA','2006-08-14 19:00:09'),(36,'Keely','Trujillo','eu.elit@velest.com','SJT22BYI5UY','1999-05-23 16:31:27'),(37,'Leslie','Harrell','est.tempor.bibendum@justoeuarcu.ca','ULT62ZAV7BM','1991-10-21 22:00:43'),(38,'Joy','Miller','Nam.interdum.enim@Nulla.net','NZN28WKR3ZJ','2019-08-20 06:16:14'),(39,'Vaughan','Malone','dignissim.magna.a@Crassedleo.co.uk','WLW42ZTV8LU','2011-07-28 08:34:55'),(40,'Josephine','Rutledge','facilisis.Suspendisse.commodo@Pellentesque.co.uk','UYD81VDS1MW','2017-07-23 18:56:14'),(41,'Josiah','Pace','vestibulum@Pellentesquehabitant.org','EEF75ZNH4TH','2013-08-12 20:15:46'),(42,'Randall','Mack','tincidunt.tempus.risus@MaurismagnaDuis.net','FRB84AGB1GD','2017-01-10 16:46:48'),(43,'Hashim','Franklin','pede@commodo.net','PMX54HSU3WH','2007-06-22 22:33:00'),(44,'Edward','Randolph','nostra@ut.org','UBM81MAU0YL','2007-03-24 22:18:36'),(45,'Laura','Hoover','Integer.id@semper.com','PSE38OQB8UI','1999-03-26 18:24:36'),(46,'Tanner','Bryant','blandit.viverra@odiosagittissemper.edu','YYF22RWW3ZW','2003-12-10 15:22:52'),(47,'Malik','Daniels','nec.mauris.blandit@consectetuer.ca','SSK94GFU7ME','2006-12-11 08:35:44'),(48,'Claudia','Barrett','urna.nec.luctus@Praesent.co.uk','FCF56BWW9BG','1992-10-20 15:35:24'),(49,'Wesley','Riddle','Ut.tincidunt.vehicula@velit.com','HDZ98AEK2SK','2006-11-09 03:12:48'),(50,'Tana','Baxter','tristique@semeget.co.uk','CDQ31JOC8OT','1995-12-07 14:49:17'),(51,'William','Santana','Cum.sociis@euaugueporttitor.co.uk','JDJ20LET2IS','2020-04-12 07:43:44'),(52,'Donovan','Little','consectetuer.adipiscing.elit@at.co.uk','QVX96IAT4NL','2022-06-08 01:31:15'),(53,'Armando','Hicks','ante.dictum.cursus@iaculis.ca','YQF85CNM2XZ','1994-12-27 23:14:09'),(54,'Jemima','Bender','blandit.enim@nullaInteger.com','ZXT33RZV1OP','1997-04-22 17:36:38'),(55,'Lyle','Carlson','purus.accumsan.interdum@Pellentesquehabitant.net','XVH29GRF2NT','1991-11-13 18:22:12'),(56,'Yuli','Reid','nunc.nulla@cursus.net','FRQ67OXC0FJ','2014-01-13 08:02:36'),(57,'Zia','Gallagher','Morbi@arcuetpede.com','VVZ89QSU9JJ','2016-12-10 09:32:52'),(58,'Raya','Roach','Vestibulum.ut@lacusvarius.net','THO51HPA0ZJ','2004-03-23 13:27:21'),(59,'Reuben','Preston','pellentesque.a@nislelementum.ca','SDY30ORU2GS','2002-12-20 19:23:17'),(60,'Wallace','Douglas','faucibus@pretiumnequeMorbi.com','AWV08NTM8TH','2000-08-24 15:11:37'),(61,'Xanthus','Mills','nec.imperdiet.nec@adipiscingelit.net','XRQ38QLB9VP','2015-12-09 12:51:25'),(62,'Heidi','Ortiz','pede@egestaslaciniaSed.ca','RRE17ZNM2PX','2015-01-13 23:27:59'),(63,'Cecilia','Johns','molestie.arcu@egetipsum.co.uk','RYQ26UWJ1RB','2004-11-13 11:11:58'),(64,'Quinn','Woodward','In@orciconsectetuereuismod.co.uk','OCO83OIZ9EH','2011-08-24 22:34:19'),(65,'Keefe','Fleming','neque.In.ornare@aliquetodio.ca','LFH59UQM8RY','2001-06-20 22:50:06'),(66,'Noelani','Thomas','molestie.tortor.nibh@commodoauctor.com','EZY20BZS8QV','1992-10-14 14:48:44'),(67,'Scott','Dickerson','fermentum@cursusNunc.org','DOV60KZV8KG','2020-05-20 10:58:10'),(68,'Merritt','Cain','Cras@augueac.org','NNE38DTK2CL','2012-10-30 23:15:37'),(69,'Zelenia','Humphrey','Nullam.feugiat@Nullam.net','ESG90RAZ6YN','1997-09-21 03:23:38'),(70,'Yolanda','Schneider','porttitor.scelerisque.neque@sodales.co.uk','JIB10BPU1UH','2000-11-06 11:18:35'),(71,'Dolan','Cummings','semper@cursuspurus.net','QQQ43ULE5AE','2003-10-20 00:02:18'),(72,'Sonia','Morse','taciti.sociosqu@lectus.ca','ALI52GJH1WQ','2017-02-17 01:36:52'),(73,'Miriam','Odonnell','justo.faucibus@lobortis.co.uk','GPN50HMH6IR','2005-06-07 01:12:14'),(74,'Keelie','Higgins','Quisque@senectusetnetus.net','TVJ71ASE5HY','1990-06-29 13:30:14'),(75,'Ocean','Campbell','enim.commodo.hendrerit@consectetueripsumnunc.co.uk','ANV35JQU6NB','2001-10-19 21:36:31'),(76,'Pearl','Hoover','semper@atiaculis.com','JDF30ZII6YR','2022-02-06 09:03:32'),(77,'Wendy','Koch','enim.Suspendisse.aliquet@montesnasceturridiculus.edu','AFU46HGY4NP','2010-10-20 19:28:22'),(78,'Rebecca','Kim','nisi.sem@aliquam.net','XNM83LEY5WD','2013-07-17 20:37:24'),(79,'Athena','Travis','et.rutrum.eu@euismodmauriseu.co.uk','IYN38CDN4UY','2012-09-26 14:56:10'),(80,'Grady','Franco','nisi.a.odio@augue.ca','HXM49LFH1QF','2004-05-17 04:08:45'),(81,'Trevor','Barnes','nisl@mollisvitaeposuere.org','EXU78BPD4LE','2012-05-22 06:12:21'),(82,'Ainsley','Lang','dictum.cursus.Nunc@nulla.co.uk','VNL64UIK7BH','2002-03-03 16:15:01'),(83,'Marcia','Phillips','feugiat.Lorem.ipsum@Inmipede.net','GZD94KER8OB','2005-10-12 19:00:12'),(84,'Brielle','Kelly','molestie.pharetra.nibh@risusQuisquelibero.co.uk','RSD98VEC4KM','1995-09-19 11:10:32'),(85,'Shelly','Murray','et@musDonecdignissim.co.uk','RMT16VBY8IG','2012-07-15 04:35:03'),(86,'Angelica','Mcclain','mus.Proin.vel@a.co.uk','RIH76ACV2BK','2003-06-27 17:39:39'),(87,'Prescott','Simmons','tristique.pharetra@egestas.co.uk','MXT10FMO3OU','2005-06-02 07:31:03'),(88,'Deanna','Santana','luctus@mattisornare.com','KXJ89SPL0OF','1999-09-17 19:41:57'),(89,'Hermione','Donovan','non@arcu.com','TBN67ZNQ5PC','1994-12-14 01:26:50'),(90,'Mariko','Ferguson','laoreet@odio.com','VJD01EYJ1OY','2018-05-22 16:34:32'),(91,'Lewis','Frost','velit.Sed.malesuada@metusVivamuseuismod.com','BBV46HWA5ZC','1993-07-11 15:16:02'),(92,'Andrew','Adams','Mauris@quamquis.net','JOL30GSX6NA','1991-09-12 10:58:06'),(93,'Evangeline','Knowles','rutrum@Phasellus.edu','EHX01TYP9MD','2015-06-18 19:31:21'),(94,'Jamalia','Gilbert','mattis.Cras@nec.org','HCY22VCE2FS','1996-03-29 00:55:19'),(95,'Malik','Douglas','pede.Suspendisse@diamdictumsapien.co.uk','JBZ29FJI7MY','2000-07-25 01:38:04'),(96,'Donna','Stephens','Donec.at.arcu@metus.co.uk','UPK82XIG4HC','2014-08-04 01:41:27'),(97,'Florence','Larsen','Integer@semper.net','KME89UDJ3PB','2016-10-17 06:23:47'),(98,'Irma','Summers','Cras.interdum.Nunc@ultriciesadipiscing.edu','GOS20TBE0HZ','2005-07-11 21:33:15'),(99,'Daquan','Barker','sem.elit@vitae.co.uk','BYW23YMB2KO','2009-12-08 22:00:26'),(100,'Mira','Bailey','lobortis@mi.ca','RMA34EAE8MT','1999-07-14 13:02:49'),(101,'salvador','vilca','slvdrvlc@gmail.com','$2y$04$vUKTY0NkL2NbFynS9VWQDeLYKVw8JFMIt/XsLi5KWe1PWrS7fBUr.','2021-06-30 00:00:00');
/*!40000 ALTER TABLE `usuarios` ENABLE KEYS */;
UNLOCK TABLES;
/*!40103 SET TIME_ZONE=@OLD_TIME_ZONE */;


--
-- Table structure for table `entradas`
--

DROP TABLE IF EXISTS `entradas`;
/*!40101 SET @saved_cs_client     = @@character_set_client */;
/*!40101 SET character_set_client = utf8 */;
CREATE TABLE `entradas` (
                            `id` int(255) NOT NULL AUTO_INCREMENT,
                            `usuario_id` int(255) NOT NULL,
                            `categoria_id` int(255) NOT NULL,
                            `titulo` varchar(255) NOT NULL,
                            `descripcion` mediumtext,
                            `fecha` datetime NOT NULL DEFAULT CURRENT_TIMESTAMP,
                            PRIMARY KEY (`id`),
                            KEY `entradas_categorias_id_fk` (`categoria_id`),
                            KEY `entradas_usuarios_id_fk` (`usuario_id`),
                            CONSTRAINT `entradas_categorias_id_fk` FOREIGN KEY (`categoria_id`) REFERENCES `categorias` (`id`),
                            CONSTRAINT `entradas_usuarios_id_fk` FOREIGN KEY (`usuario_id`) REFERENCES `usuarios` (`id`)
) ENGINE=InnoDB AUTO_INCREMENT=103 DEFAULT CHARSET=latin1;
/*!40101 SET character_set_client = @saved_cs_client */;

--
-- Dumping data for table `entradas`
--

LOCK TABLES `entradas` WRITE;
/*!40000 ALTER TABLE `entradas` DISABLE KEYS */;
INSERT INTO `entradas` VALUES (1,98,4,'orci luctus et ultrices posuere','varius orci, in consequat enim diam vel arcu. Curabitur ut odio vel est tempor bibendum. Donec felis orci, adipiscing non, luctus sit amet, faucibus ut, nulla.','2007-02-16 22:47:20'),(2,83,3,'semper erat, in consectetuer ipsum nunc id enim. Curabitur massa. Vestibulum accumsan neque','elit fermentum risus, at fringilla purus mauris a nunc. In at pede. Cras vulputate velit eu sem. Pellentesque ut ipsum ac mi eleifend egestas. Sed pharetra, felis eget varius','2013-04-23 20:23:08'),(3,19,1,'eget tincidunt dui augue eu tellus. Phasellus elit pede, malesuada vel, venenatis vel,','elit. Nulla facilisi. Sed neque. Sed eget lacus. Mauris non dui nec urna suscipit nonummy. Fusce fermentum fermentum arcu. Vestibulum ante ipsum primis in faucibus orci luctus et ultrices posuere cubilia Curae; Phasellus ornare. Fusce mollis. Duis sit amet diam eu dolor egestas rhoncus. Proin nisl sem, consequat nec,','2005-05-30 20:13:01'),(4,35,1,'Aliquam erat volutpat. Nulla facilisis. Suspendisse commodo','parturient montes, nascetur ridiculus mus. Proin vel nisl. Quisque fringilla euismod enim. Etiam gravida molestie arcu. Sed eu nibh vulputate mauris sagittis placerat. Cras dictum ultricies ligula. Nullam','2020-02-06 19:42:32'),(5,50,3,'rutrum eu, ultrices sit amet, risus. Donec','vulputate, risus a ultricies adipiscing, enim mi tempor lorem, eget mollis lectus pede et risus. Quisque libero lacus, varius et, euismod et, commodo at,','2021-01-17 10:23:07'),(6,68,4,'Mauris magna. Duis dignissim tempor arcu. Vestibulum ut eros non enim commodo','lacinia orci, consectetuer euismod est arcu ac orci. Ut semper pretium neque. Morbi quis urna. Nunc quis arcu vel quam dignissim pharetra. Nam ac nulla. In tincidunt congue turpis. In','2012-11-02 00:37:59'),(7,67,4,'at arcu. Vestibulum ante ipsum primis in faucibus orci luctus et','malesuada. Integer id magna et ipsum cursus vestibulum. Mauris magna. Duis dignissim tempor arcu. Vestibulum ut eros non enim commodo hendrerit. Donec porttitor tellus non magna. Nam ligula elit, pretium et, rutrum non, hendrerit id, ante. Nunc mauris sapien, cursus in, hendrerit','2001-03-05 08:11:36'),(8,12,3,'magna tellus faucibus leo, in lobortis tellus justo sit amet nulla. Donec non','eu metus. In lorem. Donec elementum, lorem ut aliquam iaculis, lacus pede sagittis augue, eu tempor erat neque non quam. Pellentesque habitant morbi tristique senectus et netus et malesuada','2007-08-10 11:26:57'),(9,7,4,'penatibus et magnis dis parturient montes, nascetur ridiculus mus. Proin vel nisl. Quisque fringilla','vel pede blandit congue. In scelerisque scelerisque dui. Suspendisse ac metus vitae velit egestas lacinia. Sed congue, elit sed consequat auctor, nunc nulla','2009-02-24 12:57:16'),(10,100,3,'lectus pede, ultrices a, auctor non, feugiat nec,','elementum, lorem ut aliquam iaculis, lacus pede sagittis augue, eu tempor erat neque non quam. Pellentesque habitant morbi tristique senectus et netus et','2012-11-14 07:52:44'),(11,5,3,'id, ante. Nunc mauris sapien, cursus in, hendrerit consectetuer, cursus et, magna. Praesent','fringilla euismod enim. Etiam gravida molestie arcu. Sed eu nibh vulputate mauris sagittis placerat. Cras dictum ultricies ligula. Nullam enim. Sed nulla ante, iaculis nec, eleifend non, dapibus rutrum, justo. Praesent luctus. Curabitur egestas nunc sed libero. Proin sed turpis nec mauris blandit mattis. Cras','2017-10-13 03:50:59'),(12,73,2,'dictum ultricies ligula. Nullam enim. Sed nulla ante, iaculis nec, eleifend non, dapibus rutrum, justo.','tempus scelerisque, lorem ipsum sodales purus, in molestie tortor nibh sit amet orci. Ut sagittis lobortis mauris. Suspendisse aliquet molestie tellus. Aenean egestas hendrerit neque.','2001-05-16 01:19:45'),(13,89,2,'in felis. Nulla tempor augue ac ipsum. Phasellus vitae mauris sit amet lorem semper auctor.','lacus. Ut nec urna et arcu imperdiet ullamcorper. Duis at lacus. Quisque purus sapien, gravida non, sollicitudin a, malesuada id,','2007-09-20 14:04:22'),(14,80,2,'pretium neque. Morbi quis urna. Nunc quis arcu vel quam','In faucibus. Morbi vehicula. Pellentesque tincidunt tempus risus. Donec egestas. Duis ac arcu. Nunc mauris. Morbi non sapien molestie orci tincidunt adipiscing. Mauris molestie pharetra nibh. Aliquam ornare, libero at auctor ullamcorper,','2003-05-27 15:38:48'),(15,56,2,'sed, est. Nunc laoreet lectus quis massa. Mauris vestibulum, neque','sem ut cursus luctus, ipsum leo elementum sem, vitae aliquam eros turpis non enim. Mauris quis turpis vitae purus gravida sagittis. Duis gravida. Praesent eu nulla at sem molestie sodales. Mauris blandit enim consequat purus. Maecenas libero est,','2007-05-01 13:49:38'),(16,78,3,'eu erat semper rutrum. Fusce dolor quam, elementum','auctor velit. Aliquam nisl. Nulla eu neque pellentesque massa lobortis ultrices. Vivamus rhoncus. Donec est. Nunc ullamcorper, velit in aliquet lobortis, nisi nibh lacinia orci, consectetuer euismod est arcu ac orci. Ut semper pretium neque. Morbi quis urna. Nunc quis arcu vel quam dignissim pharetra. Nam','2005-09-11 10:02:18'),(17,82,4,'quis, pede. Suspendisse dui. Fusce','ac facilisis facilisis, magna tellus faucibus leo, in lobortis tellus justo sit amet nulla. Donec non justo. Proin non massa non ante bibendum ullamcorper. Duis cursus, diam at pretium aliquet, metus urna convallis erat, eget tincidunt dui augue eu tellus. Phasellus elit pede, malesuada vel, venenatis vel,','2021-04-24 03:33:34'),(18,65,2,'nec ante blandit viverra. Donec tempus, lorem fringilla ornare placerat, orci lacus','dui, semper et, lacinia vitae, sodales at, velit. Pellentesque ultricies dignissim lacus. Aliquam rutrum lorem ac risus. Morbi metus. Vivamus euismod urna. Nullam lobortis quam a felis ullamcorper','2017-08-18 17:06:45'),(19,64,3,'Vivamus non lorem vitae odio sagittis semper. Nam tempor diam','nec luctus felis purus ac tellus. Suspendisse sed dolor. Fusce mi lorem, vehicula et, rutrum eu, ultrices sit amet, risus. Donec nibh enim, gravida sit amet, dapibus id, blandit at, nisi.','2010-08-09 02:47:50'),(20,96,4,'dictum eu, eleifend nec, malesuada ut, sem. Nulla interdum. Curabitur dictum. Phasellus in felis.','tristique senectus et netus et malesuada fames ac turpis egestas. Aliquam fringilla cursus purus. Nullam scelerisque neque sed sem egestas blandit.','2021-09-24 12:00:22'),(21,78,3,'pellentesque, tellus sem mollis dui, in sodales','urna suscipit nonummy. Fusce fermentum fermentum arcu. Vestibulum ante ipsum primis in faucibus orci luctus et ultrices posuere cubilia Curae; Phasellus ornare. Fusce mollis. Duis sit amet diam eu dolor egestas rhoncus. Proin nisl sem, consequat nec, mollis vitae, posuere at, velit. Cras lorem lorem, luctus ut,','2003-10-03 14:29:56'),(22,71,2,'massa. Suspendisse eleifend. Cras sed','Aliquam tincidunt, nunc ac mattis ornare, lectus ante dictum mi, ac mattis velit justo nec ante. Maecenas mi felis, adipiscing fringilla, porttitor vulputate, posuere vulputate, lacus. Cras interdum.','2007-08-02 21:43:55'),(23,14,1,'commodo auctor velit. Aliquam nisl. Nulla eu','pretium et, rutrum non, hendrerit id, ante. Nunc mauris sapien, cursus in, hendrerit consectetuer, cursus et, magna. Praesent interdum ligula eu enim. Etiam','2004-10-30 00:30:49'),(24,47,1,'eget lacus. Mauris non dui nec urna suscipit nonummy. Fusce fermentum fermentum arcu.','arcu. Vestibulum ante ipsum primis in faucibus orci luctus et ultrices posuere cubilia Curae; Phasellus ornare. Fusce mollis. Duis sit amet diam eu dolor egestas rhoncus. Proin nisl sem, consequat nec, mollis vitae, posuere at, velit. Cras lorem lorem, luctus ut,','2018-07-03 14:06:00'),(25,19,2,'ultrices. Vivamus rhoncus. Donec est. Nunc ullamcorper, velit in aliquet','mi pede, nonummy ut, molestie in, tempus eu, ligula. Aenean euismod mauris eu elit. Nulla facilisi. Sed neque. Sed eget lacus. Mauris non','2003-07-27 02:00:09'),(26,37,4,'lectus rutrum urna, nec luctus felis purus ac tellus. Suspendisse sed','id enim. Curabitur massa. Vestibulum accumsan neque et nunc. Quisque ornare tortor at risus. Nunc ac sem ut dolor dapibus gravida. Aliquam tincidunt, nunc ac mattis ornare, lectus ante dictum mi, ac mattis velit justo nec ante. Maecenas mi felis, adipiscing fringilla, porttitor vulputate,','2005-06-16 23:33:53'),(27,21,4,'diam at pretium aliquet, metus urna convallis','et ultrices posuere cubilia Curae; Phasellus ornare. Fusce mollis. Duis sit amet diam eu dolor egestas rhoncus. Proin nisl sem, consequat nec, mollis vitae, posuere at, velit. Cras lorem','2020-05-13 21:46:37'),(28,96,3,'dolor sit amet, consectetuer adipiscing elit. Etiam laoreet,','eu arcu. Morbi sit amet massa. Quisque porttitor eros nec tellus. Nunc lectus pede, ultrices a, auctor non, feugiat nec, diam. Duis mi enim, condimentum eget,','2001-06-19 12:54:15'),(29,24,2,'Mauris vestibulum, neque sed dictum eleifend, nunc risus varius orci,','ut, nulla. Cras eu tellus eu augue porttitor interdum. Sed auctor odio a purus. Duis elementum, dui quis accumsan convallis,','2019-04-14 23:37:21'),(30,63,4,'gravida molestie arcu. Sed eu nibh vulputate mauris sagittis placerat. Cras dictum ultricies','Proin velit. Sed malesuada augue ut lacus. Nulla tincidunt, neque vitae semper egestas, urna justo faucibus lectus, a sollicitudin orci sem eget massa. Suspendisse eleifend. Cras sed leo. Cras vehicula','2002-11-03 18:19:34'),(31,2,2,'sem elit, pharetra ut, pharetra sed, hendrerit','suscipit, est ac facilisis facilisis, magna tellus faucibus leo, in lobortis tellus justo sit amet nulla. Donec non justo. Proin non massa non ante bibendum ullamcorper. Duis cursus, diam at pretium aliquet, metus urna convallis erat, eget tincidunt dui','2022-05-11 00:04:40'),(32,99,1,'euismod in, dolor. Fusce feugiat. Lorem ipsum dolor sit amet, consectetuer adipiscing elit. Aliquam auctor,','risus. Donec nibh enim, gravida sit amet, dapibus id, blandit at, nisi. Cum sociis natoque penatibus et magnis dis parturient montes, nascetur ridiculus mus. Proin vel nisl. Quisque fringilla euismod enim. Etiam gravida molestie arcu. Sed eu nibh vulputate mauris sagittis placerat. Cras dictum ultricies ligula. Nullam enim.','2004-09-12 13:22:17'),(33,19,1,'risus quis diam luctus lobortis. Class','arcu iaculis enim, sit amet ornare lectus justo eu arcu. Morbi sit amet massa. Quisque porttitor eros nec tellus. Nunc lectus pede, ultrices a, auctor non, feugiat nec, diam. Duis mi enim, condimentum eget, volutpat ornare, facilisis eget, ipsum.','2019-10-05 19:50:54'),(34,52,3,'nec urna et arcu imperdiet ullamcorper. Duis at lacus. Quisque purus','vel, convallis in, cursus et, eros. Proin ultrices. Duis volutpat nunc sit amet metus. Aliquam erat volutpat. Nulla facilisis. Suspendisse commodo tincidunt nibh. Phasellus nulla. Integer vulputate, risus a ultricies adipiscing, enim mi tempor lorem, eget','2012-09-18 07:12:50'),(35,73,1,'ipsum. Suspendisse sagittis. Nullam vitae diam. Proin dolor. Nulla','risus varius orci, in consequat enim diam vel arcu. Curabitur ut odio vel est tempor bibendum. Donec felis orci, adipiscing non, luctus sit amet, faucibus ut, nulla. Cras eu tellus eu augue porttitor interdum. Sed auctor odio a purus. Duis elementum, dui quis accumsan convallis, ante','2007-03-05 04:52:47'),(36,34,3,'iaculis quis, pede. Praesent eu dui. Cum sociis natoque','risus odio, auctor vitae, aliquet nec, imperdiet nec, leo. Morbi neque tellus, imperdiet non, vestibulum nec, euismod in, dolor. Fusce','2021-07-14 18:17:10'),(37,94,4,'tempus, lorem fringilla ornare placerat, orci lacus vestibulum lorem, sit amet','velit. Pellentesque ultricies dignissim lacus. Aliquam rutrum lorem ac risus. Morbi metus. Vivamus euismod urna. Nullam lobortis quam a felis ullamcorper viverra. Maecenas iaculis aliquet diam. Sed diam lorem, auctor quis, tristique ac, eleifend vitae, erat. Vivamus','2001-10-29 04:51:05'),(38,21,2,'faucibus. Morbi vehicula. Pellentesque tincidunt tempus risus. Donec egestas.','ipsum cursus vestibulum. Mauris magna. Duis dignissim tempor arcu. Vestibulum ut eros non enim commodo hendrerit. Donec porttitor tellus non magna.','2013-02-22 20:11:28'),(39,39,4,'tempor bibendum. Donec felis orci,','mi eleifend egestas. Sed pharetra, felis eget varius ultrices, mauris ipsum porta elit, a feugiat tellus lorem eu metus. In lorem. Donec elementum, lorem ut aliquam iaculis, lacus pede sagittis','2019-02-18 09:27:00'),(40,28,2,'varius ultrices, mauris ipsum porta','vulputate ullamcorper magna. Sed eu eros. Nam consequat dolor vitae dolor. Donec fringilla. Donec feugiat metus sit amet ante. Vivamus non lorem vitae odio sagittis semper. Nam tempor diam dictum sapien. Aenean massa. Integer vitae nibh. Donec est mauris, rhoncus id, mollis nec, cursus a, enim. Suspendisse','2018-12-15 18:24:14'),(41,71,1,'Phasellus in felis. Nulla tempor augue ac ipsum. Phasellus vitae mauris sit amet','dapibus ligula. Aliquam erat volutpat. Nulla dignissim. Maecenas ornare egestas ligula. Nullam feugiat placerat velit. Quisque varius. Nam porttitor scelerisque neque. Nullam nisl. Maecenas malesuada fringilla est. Mauris eu','2002-12-12 01:30:10'),(42,3,3,'Proin sed turpis nec mauris blandit mattis.','felis orci, adipiscing non, luctus sit amet, faucibus ut, nulla. Cras eu tellus eu augue porttitor interdum. Sed auctor odio a purus. Duis elementum, dui quis accumsan','2021-05-26 05:08:02'),(43,59,4,'facilisis. Suspendisse commodo tincidunt nibh. Phasellus nulla. Integer vulputate, risus','at, velit. Pellentesque ultricies dignissim lacus. Aliquam rutrum lorem ac risus. Morbi metus. Vivamus euismod urna. Nullam lobortis quam a felis ullamcorper viverra. Maecenas iaculis aliquet diam. Sed diam lorem, auctor quis, tristique ac, eleifend vitae, erat. Vivamus nisi. Mauris nulla. Integer urna. Vivamus molestie dapibus ligula. Aliquam','2012-03-28 11:46:36'),(44,40,3,'at, iaculis quis, pede. Praesent eu dui. Cum sociis natoque penatibus','ut, pellentesque eget, dictum placerat, augue. Sed molestie. Sed id risus quis diam luctus lobortis. Class aptent taciti sociosqu ad litora torquent per conubia nostra, per inceptos hymenaeos. Mauris','2005-10-27 01:16:09'),(45,60,2,'nunc sed pede. Cum sociis natoque penatibus et','bibendum fermentum metus. Aenean sed pede nec ante blandit viverra. Donec tempus, lorem fringilla ornare placerat, orci lacus vestibulum lorem, sit amet ultricies sem magna nec quam. Curabitur vel lectus.','2014-05-04 16:31:21'),(46,38,4,'sed, hendrerit a, arcu. Sed et libero. Proin mi. Aliquam gravida','egestas. Fusce aliquet magna a neque. Nullam ut nisi a odio semper cursus. Integer mollis. Integer tincidunt aliquam arcu. Aliquam ultrices iaculis odio.','2009-09-05 07:21:36'),(47,7,3,'Praesent luctus. Curabitur egestas nunc sed libero. Proin sed turpis nec','Donec egestas. Duis ac arcu. Nunc mauris. Morbi non sapien molestie orci tincidunt adipiscing. Mauris molestie pharetra nibh. Aliquam ornare, libero at auctor ullamcorper, nisl arcu iaculis enim, sit amet ornare lectus justo eu arcu. Morbi sit amet massa. Quisque porttitor eros','2009-08-26 02:24:07'),(48,22,1,'turpis. Aliquam adipiscing lobortis risus. In mi pede,','malesuada vel, venenatis vel, faucibus id, libero. Donec consectetuer mauris id sapien. Cras dolor dolor, tempus non, lacinia at, iaculis quis, pede. Praesent eu dui. Cum sociis natoque penatibus et magnis dis parturient montes,','2021-02-23 20:14:36'),(49,97,1,'in, cursus et, eros. Proin ultrices. Duis volutpat nunc sit amet metus.','rutrum. Fusce dolor quam, elementum at, egestas a, scelerisque sed, sapien. Nunc pulvinar arcu et pede. Nunc sed orci lobortis augue scelerisque mollis. Phasellus libero mauris, aliquam eu, accumsan sed, facilisis vitae, orci. Phasellus dapibus quam quis diam. Pellentesque habitant morbi','2014-05-17 23:14:28'),(50,70,3,'justo nec ante. Maecenas mi felis, adipiscing fringilla,','ac turpis egestas. Fusce aliquet magna a neque. Nullam ut nisi a odio semper cursus. Integer mollis. Integer tincidunt aliquam arcu. Aliquam ultrices iaculis odio. Nam interdum enim non nisi. Aenean','2012-09-23 21:46:35'),(51,58,2,'sed turpis nec mauris blandit mattis. Cras eget nisi dictum augue malesuada malesuada. Integer id','pretium et, rutrum non, hendrerit id, ante. Nunc mauris sapien, cursus in, hendrerit consectetuer, cursus et, magna. Praesent interdum ligula eu enim. Etiam imperdiet dictum magna. Ut tincidunt orci quis lectus. Nullam suscipit, est ac facilisis facilisis, magna tellus faucibus leo, in lobortis tellus','2017-05-13 07:19:02'),(52,98,2,'vel, mauris. Integer sem elit, pharetra ut, pharetra sed, hendrerit a, arcu.','placerat, orci lacus vestibulum lorem, sit amet ultricies sem magna nec quam. Curabitur vel lectus. Cum sociis natoque penatibus et magnis dis parturient montes, nascetur ridiculus mus. Donec dignissim magna a tortor.','2009-08-07 15:18:16'),(53,6,2,'ligula consectetuer rhoncus. Nullam velit dui,','ut nisi a odio semper cursus. Integer mollis. Integer tincidunt aliquam arcu. Aliquam ultrices iaculis odio. Nam interdum enim non nisi. Aenean eget metus. In nec orci. Donec nibh. Quisque nonummy','2012-02-17 13:11:05'),(54,89,4,'Proin ultrices. Duis volutpat nunc sit amet metus. Aliquam erat volutpat. Nulla facilisis. Suspendisse commodo','lacus. Quisque imperdiet, erat nonummy ultricies ornare, elit elit fermentum risus, at fringilla purus mauris a nunc. In at pede. Cras vulputate velit eu sem. Pellentesque ut ipsum ac mi eleifend','2009-03-23 10:51:20'),(55,72,1,'Maecenas malesuada fringilla est. Mauris eu turpis. Nulla aliquet.','rhoncus. Nullam velit dui, semper et, lacinia vitae, sodales at, velit. Pellentesque ultricies dignissim lacus. Aliquam rutrum lorem ac risus. Morbi metus. Vivamus euismod urna. Nullam lobortis quam a felis ullamcorper viverra. Maecenas iaculis aliquet diam. Sed diam','2021-05-07 08:25:01'),(56,1,1,'nec, leo. Morbi neque tellus, imperdiet non, vestibulum nec, euismod in, dolor. Fusce','Lorem ipsum dolor sit amet, consectetuer adipiscing elit. Etiam laoreet, libero et tristique pellentesque, tellus sem mollis dui, in sodales elit erat vitae risus. Duis a mi fringilla mi lacinia mattis. Integer eu lacus. Quisque imperdiet,','2006-01-05 22:39:07'),(57,62,2,'ac turpis egestas. Aliquam fringilla','lectus pede, ultrices a, auctor non, feugiat nec, diam. Duis mi enim, condimentum eget, volutpat ornare, facilisis eget, ipsum. Donec sollicitudin adipiscing ligula. Aenean gravida nunc sed pede. Cum sociis natoque penatibus et magnis','2010-08-17 20:37:01'),(58,80,2,'orci luctus et ultrices posuere cubilia Curae; Donec tincidunt. Donec vitae erat vel pede','erat semper rutrum. Fusce dolor quam, elementum at, egestas a, scelerisque sed, sapien. Nunc pulvinar arcu et pede. Nunc sed orci lobortis augue scelerisque mollis. Phasellus libero mauris, aliquam eu, accumsan sed, facilisis vitae, orci. Phasellus dapibus quam quis diam. Pellentesque habitant morbi tristique senectus et netus et','2009-11-30 03:15:30'),(59,55,2,'mauris, rhoncus id, mollis nec,','rutrum urna, nec luctus felis purus ac tellus. Suspendisse sed dolor. Fusce mi lorem, vehicula et, rutrum eu, ultrices sit amet, risus. Donec nibh enim, gravida sit amet, dapibus id, blandit at, nisi. Cum sociis natoque penatibus et magnis dis parturient montes, nascetur ridiculus mus. Proin','2019-09-27 06:38:17'),(60,91,3,'placerat velit. Quisque varius. Nam porttitor','auctor. Mauris vel turpis. Aliquam adipiscing lobortis risus. In mi pede, nonummy ut, molestie in, tempus eu, ligula. Aenean euismod mauris eu elit. Nulla facilisi. Sed neque. Sed eget lacus. Mauris non dui','2009-08-19 08:07:20'),(61,36,2,'mauris id sapien. Cras dolor dolor, tempus non, lacinia at, iaculis quis, pede.','est. Nunc ullamcorper, velit in aliquet lobortis, nisi nibh lacinia orci, consectetuer euismod est arcu ac orci. Ut semper pretium neque. Morbi quis urna. Nunc quis arcu vel quam dignissim pharetra. Nam ac nulla. In','2002-07-04 22:39:17'),(62,15,2,'orci lobortis augue scelerisque mollis. Phasellus libero mauris, aliquam eu, accumsan sed,','sit amet, consectetuer adipiscing elit. Curabitur sed tortor. Integer aliquam adipiscing lacus. Ut nec urna et arcu imperdiet ullamcorper. Duis at lacus.','2020-10-19 23:43:15'),(63,14,4,'Nunc sed orci lobortis augue scelerisque mollis. Phasellus libero mauris, aliquam','mi lacinia mattis. Integer eu lacus. Quisque imperdiet, erat nonummy ultricies ornare, elit elit fermentum risus, at fringilla purus mauris a nunc. In at pede. Cras vulputate velit eu sem. Pellentesque ut ipsum ac mi eleifend egestas. Sed pharetra, felis eget varius ultrices, mauris ipsum','2013-09-07 17:41:45'),(64,58,4,'tellus faucibus leo, in lobortis tellus justo sit','mollis non, cursus non, egestas a, dui. Cras pellentesque. Sed dictum. Proin eget odio. Aliquam vulputate ullamcorper magna. Sed eu eros. Nam consequat dolor vitae dolor. Donec fringilla. Donec','2012-12-09 05:06:26'),(65,97,1,'magna et ipsum cursus vestibulum. Mauris magna. Duis dignissim tempor arcu. Vestibulum','eu enim. Etiam imperdiet dictum magna. Ut tincidunt orci quis lectus. Nullam suscipit, est ac facilisis facilisis, magna tellus faucibus leo, in lobortis tellus justo sit amet nulla. Donec non justo. Proin non massa non ante bibendum ullamcorper. Duis cursus, diam at pretium aliquet,','2003-07-10 22:11:57'),(66,16,2,'fermentum risus, at fringilla purus mauris a nunc. In at pede. Cras vulputate','tortor at risus. Nunc ac sem ut dolor dapibus gravida. Aliquam tincidunt, nunc ac mattis ornare, lectus ante dictum mi, ac mattis velit justo nec ante. Maecenas mi','2017-10-01 18:10:20'),(67,8,2,'adipiscing elit. Etiam laoreet, libero','nibh vulputate mauris sagittis placerat. Cras dictum ultricies ligula. Nullam enim. Sed nulla ante, iaculis nec, eleifend non, dapibus rutrum, justo. Praesent luctus. Curabitur egestas nunc sed libero. Proin sed turpis nec mauris blandit mattis.','2007-05-16 07:12:56'),(68,83,1,'semper. Nam tempor diam dictum','eget, volutpat ornare, facilisis eget, ipsum. Donec sollicitudin adipiscing ligula. Aenean gravida nunc sed pede. Cum sociis natoque penatibus et magnis dis parturient montes, nascetur ridiculus mus. Proin vel arcu eu odio tristique pharetra. Quisque ac libero nec ligula consectetuer rhoncus. Nullam velit dui, semper','2012-09-10 05:42:05'),(69,64,1,'congue. In scelerisque scelerisque dui. Suspendisse ac metus vitae velit egestas lacinia. Sed congue,','at, iaculis quis, pede. Praesent eu dui. Cum sociis natoque penatibus et magnis dis parturient montes, nascetur ridiculus mus. Aenean eget magna. Suspendisse tristique neque venenatis lacus. Etiam bibendum fermentum metus. Aenean sed pede nec ante blandit viverra. Donec tempus, lorem fringilla ornare placerat, orci','2016-06-14 07:46:34'),(70,3,3,'dictum mi, ac mattis velit justo nec ante. Maecenas mi felis, adipiscing fringilla,','ligula tortor, dictum eu, placerat eget, venenatis a, magna. Lorem ipsum dolor sit amet, consectetuer adipiscing elit. Etiam laoreet, libero et tristique pellentesque,','2016-03-02 08:20:19'),(71,99,3,'pellentesque massa lobortis ultrices. Vivamus rhoncus. Donec est. Nunc ullamcorper, velit in aliquet','sollicitudin a, malesuada id, erat. Etiam vestibulum massa rutrum magna. Cras convallis convallis dolor. Quisque tincidunt pede ac urna. Ut tincidunt','2002-09-14 12:16:34'),(72,73,1,'Proin ultrices. Duis volutpat nunc sit amet','mi lorem, vehicula et, rutrum eu, ultrices sit amet, risus. Donec nibh enim, gravida sit amet, dapibus id, blandit at, nisi. Cum sociis natoque penatibus et magnis dis parturient montes, nascetur ridiculus mus. Proin vel nisl. Quisque fringilla euismod enim. Etiam gravida molestie arcu. Sed eu','2020-06-25 11:03:05'),(73,53,3,'natoque penatibus et magnis dis parturient montes, nascetur ridiculus mus. Proin vel','cursus luctus, ipsum leo elementum sem, vitae aliquam eros turpis non enim. Mauris quis turpis vitae purus gravida sagittis. Duis','2022-06-23 00:44:16'),(74,4,2,'tristique senectus et netus et malesuada fames ac turpis egestas. Aliquam','Vivamus molestie dapibus ligula. Aliquam erat volutpat. Nulla dignissim. Maecenas ornare egestas ligula. Nullam feugiat placerat velit. Quisque varius. Nam porttitor scelerisque neque. Nullam nisl. Maecenas malesuada fringilla est. Mauris eu turpis.','2006-06-23 01:19:28'),(75,51,1,'Suspendisse dui. Fusce diam nunc, ullamcorper eu, euismod ac, fermentum vel, mauris. Integer sem','eu, ultrices sit amet, risus. Donec nibh enim, gravida sit amet, dapibus id, blandit at, nisi. Cum sociis natoque penatibus et magnis dis parturient montes,','2017-05-01 07:32:54'),(76,96,4,'egestas a, dui. Cras pellentesque. Sed','nisl. Nulla eu neque pellentesque massa lobortis ultrices. Vivamus rhoncus. Donec est. Nunc ullamcorper, velit in aliquet lobortis, nisi nibh lacinia orci, consectetuer euismod est arcu ac orci. Ut semper pretium neque. Morbi quis urna. Nunc quis arcu vel quam dignissim pharetra. Nam ac nulla. In tincidunt congue turpis. In','2011-09-16 11:03:39'),(77,80,4,'auctor quis, tristique ac, eleifend vitae, erat. Vivamus nisi. Mauris nulla. Integer urna. Vivamus','at arcu. Vestibulum ante ipsum primis in faucibus orci luctus et ultrices posuere cubilia Curae; Donec tincidunt. Donec vitae erat vel pede blandit congue. In scelerisque scelerisque dui. Suspendisse ac metus vitae velit egestas lacinia. Sed','2020-08-24 16:38:41'),(78,34,3,'enim. Mauris quis turpis vitae purus gravida sagittis. Duis gravida. Praesent eu nulla','Vestibulum ut eros non enim commodo hendrerit. Donec porttitor tellus non magna. Nam ligula elit, pretium et, rutrum non, hendrerit id, ante. Nunc mauris sapien, cursus in, hendrerit consectetuer, cursus et, magna. Praesent interdum ligula eu enim. Etiam imperdiet','2015-04-30 18:41:17'),(79,68,1,'sed tortor. Integer aliquam adipiscing lacus. Ut nec urna','magna. Lorem ipsum dolor sit amet, consectetuer adipiscing elit. Etiam laoreet, libero et tristique pellentesque, tellus sem mollis dui, in sodales elit erat vitae risus. Duis a mi fringilla mi','2008-01-31 13:41:02'),(80,79,2,'iaculis, lacus pede sagittis augue, eu','pede ac urna. Ut tincidunt vehicula risus. Nulla eget metus eu erat semper rutrum. Fusce dolor quam, elementum at, egestas a, scelerisque sed, sapien. Nunc pulvinar arcu','2019-05-28 02:46:15'),(81,83,1,'fringilla euismod enim. Etiam gravida','eget varius ultrices, mauris ipsum porta elit, a feugiat tellus lorem eu metus. In lorem. Donec elementum, lorem ut aliquam iaculis, lacus','2011-10-11 23:47:43'),(82,63,4,'Donec tempus, lorem fringilla ornare','mollis vitae, posuere at, velit. Cras lorem lorem, luctus ut, pellentesque eget, dictum placerat, augue. Sed molestie. Sed id risus quis diam luctus lobortis. Class aptent taciti sociosqu ad litora torquent per conubia nostra, per inceptos hymenaeos. Mauris','2019-03-20 16:55:03'),(83,4,3,'sed leo. Cras vehicula aliquet libero. Integer in magna. Phasellus dolor elit, pellentesque a,','elit, pellentesque a, facilisis non, bibendum sed, est. Nunc laoreet lectus quis massa. Mauris vestibulum, neque sed dictum eleifend, nunc risus varius orci, in consequat enim diam vel arcu. Curabitur ut odio vel est tempor bibendum. Donec felis orci, adipiscing non, luctus sit amet, faucibus ut, nulla.','2017-08-03 09:07:21'),(84,11,2,'vitae semper egestas, urna justo','feugiat placerat velit. Quisque varius. Nam porttitor scelerisque neque. Nullam nisl. Maecenas malesuada fringilla est. Mauris eu turpis. Nulla aliquet. Proin velit. Sed malesuada augue ut lacus. Nulla tincidunt, neque vitae semper egestas, urna justo faucibus lectus, a sollicitudin orci sem eget massa. Suspendisse eleifend.','2000-08-26 06:11:22'),(85,27,3,'risus quis diam luctus lobortis. Class aptent','quis, pede. Suspendisse dui. Fusce diam nunc, ullamcorper eu, euismod ac, fermentum vel, mauris. Integer sem elit, pharetra ut, pharetra sed, hendrerit a, arcu. Sed et libero. Proin mi. Aliquam gravida mauris ut mi. Duis risus odio, auctor vitae, aliquet nec, imperdiet nec,','2009-02-08 00:48:30'),(86,71,2,'luctus sit amet, faucibus ut, nulla. Cras eu tellus eu augue porttitor interdum. Sed auctor','et malesuada fames ac turpis egestas. Aliquam fringilla cursus purus. Nullam scelerisque neque sed sem egestas blandit. Nam nulla magna, malesuada vel, convallis in, cursus et, eros. Proin ultrices. Duis volutpat nunc sit amet metus. Aliquam erat volutpat. Nulla facilisis. Suspendisse commodo tincidunt nibh. Phasellus nulla.','2008-02-15 19:13:56'),(87,24,1,'Integer sem elit, pharetra ut, pharetra sed, hendrerit a, arcu. Sed et libero.','dictum ultricies ligula. Nullam enim. Sed nulla ante, iaculis nec, eleifend non, dapibus rutrum, justo. Praesent luctus. Curabitur egestas nunc sed libero. Proin sed turpis nec mauris blandit mattis. Cras eget nisi dictum augue malesuada malesuada. Integer id magna et ipsum cursus vestibulum. Mauris','2019-04-12 09:15:57'),(88,60,1,'a felis ullamcorper viverra. Maecenas iaculis aliquet diam. Sed diam lorem, auctor quis, tristique ac,','nulla at sem molestie sodales. Mauris blandit enim consequat purus. Maecenas libero est, congue a, aliquet vel, vulputate eu, odio. Phasellus at augue id ante dictum cursus. Nunc mauris elit, dictum eu, eleifend nec, malesuada ut, sem. Nulla interdum. Curabitur dictum.','2002-10-14 15:32:12'),(89,23,3,'adipiscing elit. Curabitur sed tortor. Integer','a ultricies adipiscing, enim mi tempor lorem, eget mollis lectus pede et risus. Quisque libero lacus, varius et, euismod et,','2016-09-17 16:13:55'),(90,85,1,'tristique aliquet. Phasellus fermentum convallis ligula. Donec luctus aliquet odio. Etiam ligula tortor,','pellentesque. Sed dictum. Proin eget odio. Aliquam vulputate ullamcorper magna. Sed eu eros. Nam consequat dolor vitae dolor. Donec fringilla. Donec feugiat metus','2016-03-11 02:45:58'),(91,58,3,'erat eget ipsum. Suspendisse sagittis. Nullam vitae diam. Proin dolor. Nulla semper tellus','magna. Phasellus dolor elit, pellentesque a, facilisis non, bibendum sed, est. Nunc laoreet lectus quis massa. Mauris vestibulum, neque sed dictum eleifend, nunc risus varius orci,','2000-10-25 10:30:53'),(92,41,4,'Suspendisse aliquet, sem ut cursus luctus, ipsum leo elementum sem, vitae aliquam eros','vulputate eu, odio. Phasellus at augue id ante dictum cursus. Nunc mauris elit, dictum eu, eleifend nec, malesuada ut, sem. Nulla interdum. Curabitur dictum. Phasellus in felis. Nulla tempor augue ac ipsum. Phasellus vitae mauris sit amet lorem semper auctor. Mauris vel turpis. Aliquam','2014-06-26 03:45:50'),(93,28,4,'consequat auctor, nunc nulla vulputate dui, nec tempus','Donec elementum, lorem ut aliquam iaculis, lacus pede sagittis augue, eu tempor erat neque non quam. Pellentesque habitant morbi tristique senectus et','2012-03-13 11:25:31'),(94,89,4,'nec tellus. Nunc lectus pede, ultrices a,','velit eu sem. Pellentesque ut ipsum ac mi eleifend egestas. Sed pharetra, felis eget varius ultrices, mauris ipsum porta elit, a feugiat tellus lorem eu metus. In lorem. Donec','2015-06-26 11:00:04'),(95,16,4,'tempus, lorem fringilla ornare placerat,','orci, in consequat enim diam vel arcu. Curabitur ut odio vel est tempor bibendum. Donec felis orci, adipiscing non, luctus sit amet, faucibus ut, nulla. Cras eu tellus','2007-05-22 20:16:42'),(96,72,4,'Cum sociis natoque penatibus et magnis dis parturient montes, nascetur ridiculus mus. Proin vel','dolor. Donec fringilla. Donec feugiat metus sit amet ante. Vivamus non lorem vitae odio sagittis semper. Nam tempor diam dictum sapien. Aenean massa. Integer vitae nibh. Donec est mauris, rhoncus id, mollis nec, cursus','2007-03-19 04:36:32'),(97,48,1,'Morbi neque tellus, imperdiet non, vestibulum nec, euismod','Etiam bibendum fermentum metus. Aenean sed pede nec ante blandit viverra. Donec tempus, lorem fringilla ornare placerat, orci lacus vestibulum','2003-04-09 05:43:23'),(98,100,3,'Pellentesque tincidunt tempus risus. Donec egestas. Duis','pharetra. Nam ac nulla. In tincidunt congue turpis. In condimentum. Donec at arcu. Vestibulum ante ipsum primis in faucibus orci','2014-06-11 00:39:59'),(99,21,2,'ac metus vitae velit egestas lacinia. Sed congue, elit sed consequat auctor, nunc nulla vulputate','in felis. Nulla tempor augue ac ipsum. Phasellus vitae mauris sit amet lorem semper auctor. Mauris vel turpis. Aliquam adipiscing lobortis risus. In mi pede, nonummy ut, molestie in, tempus eu, ligula. Aenean euismod mauris eu elit. Nulla facilisi. Sed neque. Sed eget lacus.','2012-10-29 17:55:28'),(100,94,4,'adipiscing, enim mi tempor lorem,','fringilla purus mauris a nunc. In at pede. Cras vulputate velit eu sem. Pellentesque ut ipsum ac mi eleifend egestas. Sed pharetra, felis eget varius ultrices, mauris ipsum porta elit, a feugiat tellus lorem eu metus. In lorem. Donec elementum, lorem ut aliquam iaculis,','2014-02-20 04:17:53'),(101,101,5,'La adiccion descontrolada en los juegos','¿Qué es la adicción a los videojuegos? La adicción a los videojuegos es una enfermedad que provoca en el paciente la necesidad incontrolable de jugar de forma compulsiva a juegos electrónicos. Este es incapaz de controlar sus ganas y su deseo le lleva a jugar irremediablemente durante un gran número de horas.\r\nVisto de otra perspectiva, la adicción al juego, LUDOPATIA o juego patológico es un desorden adictivo caracterizado por una urgencia psicológicamente incontrolable de jugar y apostar, que de forma persistente y progresiva afecta negativamente a la vida personal, familiar, laboral y al tiempo de ocio.','2021-06-30 09:43:26'),(102,101,5,'Beneficios de los juegos','Desarrollan su creatividad.\r\nAprenden a relacionarse con los demás.\r\nConocen el entorno e interactúan con él.\r\nExploran la realidad y la imaginan.\r\nAprenden a respetar normas.\r\nDan rienda suelta a su curiosidad.\r\nGanan autoconfianza.\r\nMejoran su manejo del lenguaje.','2021-06-30 09:35:02');
/*!40000 ALTER TABLE `entradas` ENABLE KEYS */;
UNLOCK TABLES;



/*!40101 SET SQL_MODE=@OLD_SQL_MODE */;
/*!40014 SET FOREIGN_KEY_CHECKS=@OLD_FOREIGN_KEY_CHECKS */;
/*!40014 SET UNIQUE_CHECKS=@OLD_UNIQUE_CHECKS */;
/*!40101 SET CHARACTER_SET_CLIENT=@OLD_CHARACTER_SET_CLIENT */;
/*!40101 SET CHARACTER_SET_RESULTS=@OLD_CHARACTER_SET_RESULTS */;
/*!40101 SET COLLATION_CONNECTION=@OLD_COLLATION_CONNECTION */;
/*!40111 SET SQL_NOTES=@OLD_SQL_NOTES */;

-- Dump completed on 2021-06-30 15:18:27
